"title";"critic_score";"total_sales"
Grand Theft Auto V;9.4;20.32
Grand Theft Auto V;9.7;19.39
Grand Theft Auto: Vice City;9.6;16.15
Call of Duty: Black Ops 3;8.1;15.09
Call of Duty: Modern Warfare 3;8.7;14.82
Call of Duty: Black Ops;8.8;14.74
Red Dead Redemption 2;9.8;13.94
Call of Duty: Black Ops II;8.4;13.86
Call of Duty: Black Ops II;8.0;13.8
Call of Duty: Modern Warfare 2;9.5;13.53
Call of Duty: WWII;8.1;13.4
Call of Duty: Modern Warfare 3;8.8;13.35
Grand Theft Auto III;9.5;13.1
Call of Duty: Black Ops;8.7;12.67
FIFA 18;8.3;11.8
Grand Theft Auto IV;10.0;11.09
FIFA 17;8.9;10.94
Call of Duty: Modern Warfare 2;9.5;10.61
Grand Theft Auto IV;10.0;10.57
Call of Duty: Ghosts;6.9;10.41
Call of Duty: Ghosts;7.5;10.13
Halo: Reach;9.3;9.97
Call of Duty 4: Modern Warfare;9.6;9.41
The Elder Scrolls V: Skyrim;9.3;8.88
Grand Theft Auto V;9.0;8.72
Call of Duty: Infinite Warfare;7.9;8.48
Fallout 4;8.6;8.48
FIFA 16;8.5;8.22
Star Wars Battlefront (2015);7.1;8.03
The Sims 3;8.5;7.96
Grand Theft Auto: Liberty City Stories;8.8;7.72
Call of Duty: Advanced Warfare;8.5;7.53
Call of Duty: World at War;8.5;7.5
Battlefield 3;8.5;7.35
Battlefield 1;9.1;7.26
Battlefield 3;8.5;7.21
Need for Speed Underground;8.6;7.2
Need for Speed Underground 2;8.3;6.9
Medal of Honor: Frontline;9.0;6.83
Uncharted 2: Among Thieves;9.5;6.74
Call of Duty 4: Modern Warfare;9.5;6.72
FIFA Soccer 12;9.2;6.65
Red Dead Redemption;9.5;6.57
Red Dead Redemption;9.5;6.5
Assassin's Creed III;8.8;6.5
The Elder Scrolls V: Skyrim;9.0;6.49
Minecraft;9.4;6.33
FIFA 15;8.1;6.32
Driver;8.5;6.27
Tekken 2;9.1;5.74
LEGO Star Wars: The Complete Saga;8.0;5.66
Cooking Mama;6.6;5.66
Assassin's Creed II;9.0;5.57
Assassin's Creed;8.2;5.55
Batman: Arkham City;9.6;5.54
Forza Motorsport 3;9.2;5.5
Call of Duty: World at War;8.4;5.43
Crash Bandicoot: The Wrath of Cortex;6.9;5.42
Final Fantasy XIII;8.0;5.35
Assassin's Creed II;9.1;5.3
Tomb Raider II;7.6;5.24
Madden NFL 2004;9.5;5.23
Call of Duty: Advanced Warfare;8.3;5.22
Medal of Honor: Rising Sun;5.9;5.13
Battlefield 1;9.3;5.13
Microsoft Flight Simulator;7.0;5.12
Guitar Hero II;9.2;5.12
Mario & Sonic at the Olympic Games;7.0;5.1
Fable III;7.8;5.1
Resident Evil 5;8.6;5.1
FIFA Soccer 11;8.7;5.08
Grand Theft Auto: Vice City Stories;8.4;5.08
Final Fantasy XV;8.1;5.07
Fallout 4;8.4;5.03
Tony Hawk's Pro Skater;9.6;5.02
Guitar Hero III: Legends of Rock;8.2;4.98
Uncharted: Drake's Fortune;8.7;4.97
Fallout 3;9.0;4.96
Madden NFL 06;9.1;4.91
Assassin's Creed;8.2;4.83
Crash Team Racing;9.2;4.79
LEGO Star Wars: The Complete Saga;7.8;4.77
Batman: Arkham City;9.5;4.75
Driver 2;7.0;4.73
The Simpsons: Hit & Run;7.7;4.7
Tony Hawk's Pro Skater 2;9.3;4.68
The Lord of the Rings: The Two Towers;8.3;4.67
Tomb Raider;8.9;4.63
Forza Motorsport 4;9.1;4.6
Guitar Hero III: Legends of Rock;8.6;4.6
FIFA 15;6.9;4.56
Mario & Sonic at the Olympic Winter Games;6.8;4.54
Overwatch;8.8;4.54
Guitar Hero III: Legends of Rock;8.7;4.53
Madden NFL 2005;9.5;4.53
Spider-Man: The Movie;8.2;4.48
The Elder Scrolls IV: Oblivion;9.2;4.47
Tony Hawk's Pro Skater 3;9.1;4.41
Winning Eleven: Pro Evolution Soccer 2007;8.8;4.39
Need for Speed: Most Wanted;8.6;4.37
Michael Jackson: The Experience;5.6;4.37
Call of Duty: Advanced Warfare;9.1;4.34
Batman: Arkham Asylum;9.0;4.28
Call of Duty: Advanced Warfare;9.1;4.27
Assassin's Creed: Revelations;8.8;4.23
Assassin's Creed: Revelations;7.9;4.22
FIFA Soccer 06;8.4;4.21
Street Fighter IV;9.3;4.19
FIFA Soccer 12;9.2;4.18
Call of Duty: Ghosts;7.5;4.17
Teenage Mutant Ninja Turtles;5.9;4.17
Star Wars Battlefront (2015);6.9;4.15
Madden NFL 2003;9.4;4.14
FIFA 07 Soccer;8.4;4.11
Batman: Arkham Knight;8.1;4.11
The Sims 4;7.0;4.1
Fallout: New Vegas;8.2;4.08
Carnival Games;4.2;4.06
Far Cry 4;8.4;4.06
World Soccer Winning Eleven 9;8.9;4.06
Forza Motorsport 2;9.1;4.05
Tekken Tag Tournament;8.7;4.05
Fallout 3;8.8;4.0
The Elder Scrolls V: Skyrim;9.2;3.99
NBA 2K16;8.7;3.98
Far Cry 5;7.9;3.95
Battlefield 4;8.3;3.94
Assassin's Creed IV: Black Flag;8.7;3.94
Tony Hawk's Underground;8.7;3.9
Just Dance 2014;7.4;3.89
Sports Champions;7.6;3.88
World Soccer Winning Eleven 8 International;9.3;3.85
LEGO Indiana Jones: The Original Adventures;7.5;3.76
The Sims: Unleashed;7.3;3.76
Ratchet & Clank: Size Matters;8.5;3.75
FIFA 17;8.8;3.71
FIFA Soccer 2005;8.4;3.7
Tony Hawk's Pro Skater 4;9.6;3.67
MySims;6.7;3.66
Midnight Club 3: DUB Edition;7.2;3.66
SOCOM: U.S. Navy SEALs;8.0;3.65
Battlefield 4;8.7;3.64
Jak and Daxter: The Precursor Legacy;9.0;3.64
Pro Evolution Soccer 2008;8.2;3.63
FIFA Soccer 10;9.0;3.63
Guitar Hero: World Tour;8.4;3.62
The Simpsons: Road Rage;6.1;3.61
Star Wars Battlefront;8.1;3.61
Doom II;9.3;3.61
Assassin's Creed Syndicate;8.6;3.6
Star Wars Battlefront II;8.5;3.59
Cooking Mama 2: Dinner With Friends;6.9;3.58
The Getaway;7.7;3.54
Tomb Raider III: Adventures of Lara Croft;8.2;3.54
Grand Theft Auto: Liberty City Stories;8.3;3.54
Battlefield 4;8.7;3.54
Batman: Arkham Asylum;9.1;3.54
Resident Evil 5;8.6;3.53
Assassin's Creed: Brotherhood;9.1;3.53
LEGO Star Wars: The Video Game;7.9;3.53
FIFA Soccer 11;8.7;3.52
NBA 2K17;9.0;3.52
FIFA Soccer 2004;8.0;3.49
Borderlands;8.3;3.48
Battlefield: Bad Company 2;9.0;3.48
Mario & Sonic at the Olympic Winter Games;7.6;3.47
Guitar Hero: On Tour;7.1;3.46
Tekken 4;7.9;3.44
LEGO Batman: The Videogame;7.5;3.44
Halo: The Master Chief Collection;8.8;3.44
LittleBigPlanet 2;9.1;3.43
Grand Theft Auto 2;6.9;3.42
Destiny;8.3;3.41
Spider-Man 2;7.9;3.41
Crash Bash;6.8;3.39
The Elder Scrolls V: Skyrim Special Edition;8.3;3.36
Assassin's Creed IV: Black Flag;8.5;3.34
NBA 2K18;8.1;3.34
Max Payne;8.1;3.31
Madden NFL 16;8.2;3.3
The Lord of the Rings: The Return of the King;8.4;3.28
Madden NFL 17;8.5;3.28
FIFA 16;8.5;3.25
L.A. Noire;9.1;3.21
"007: Tomorrow Never Dies";6.2;3.21
WWF SmackDown! 2: Know Your Role;8.7;3.2
Assassin's Creed IV: Black Flag;8.3;3.19
Assassin's Creed Odyssey;9.5;3.18
Fallout: New Vegas;8.2;3.17
Club Penguin: Elite Penguin Force;7.0;3.14
FIFA 18;8.0;3.14
The Elder Scrolls IV: Oblivion;9.3;3.12
Tom Clancy's Ghost Recon Wildlands;7.0;3.12
NBA 2K13;8.6;3.11
Mass Effect 2;9.5;3.1
LEGO Batman: The Videogame;7.3;3.08
Saints Row 2;7.9;3.07
Call of Duty: Ghosts;7.5;3.07
LEGO Batman: The Videogame;7.8;3.06
Kung Fu Panda;7.5;3.05
Mass Effect 3;9.5;3.04
Rayman;7.0;3.03
Tom Clancy's Splinter Cell;9.3;3.02
WWE SmackDown! vs. Raw 2006;8.4;3.0
Battlefield: Bad Company 2;8.9;2.96
Street Fighter IV;9.3;2.95
Madden NFL 13;8.0;2.93
FIFA 15;6.9;2.91
Mass Effect;9.2;2.91
Mortal Kombat (2011);8.5;2.9
Cooking Mama: Cook Off;5.9;2.89
Sega Superstars Tennis;6.9;2.89
Imagine: Babyz;3.5;2.87
Colin McRae Rally;7.9;2.87
Mafia III;6.9;2.87
The Elder Scrolls III: Morrowind;8.2;2.86
Assassin's Creed: Brotherhood;9.1;2.85
Madden NFL 10;8.6;2.83
BioShock;9.6;2.83
Finding Nemo;7.0;2.82
Gran Turismo (PSP);7.8;2.82
Medal of Honor;6.7;2.82
Imagine: Fashion Designer;3.0;2.81
Need for Speed: Hot Pursuit;8.9;2.81
Killzone 3;8.2;2.81
Skylanders: Spyro's Adventure;8.0;2.79
A Bug's Life;3.6;2.79
Star Wars: The Force Unleashed;7.1;2.77
Saints Row: The Third;8.3;2.77
Battlefield 3;8.9;2.76
Need for Speed: Most Wanted (2012);8.5;2.74
Far Cry: Primal;7.2;2.73
L.A. Noire;9.1;2.73
Overwatch;8.7;2.72
Need for Speed (2015);7.0;2.72
Skate 3;8.3;2.71
Madden NFL 13;8.3;2.71
Madden NFL 12;7.8;2.7
Call of Duty 3;8.0;2.7
LEGO Star Wars II: The Original Trilogy;8.4;2.69
Madden NFL 11;8.3;2.69
Burnout 3: Takedown;9.3;2.68
Medal of Honor;9.3;2.67
Call of Duty 2: Big Red One;8.5;2.67
Final Fantasy XIII-2;8.3;2.66
Medal of Honor Heroes;6.7;2.66
Guitar Hero: World Tour;8.6;2.66
Need for Speed: Shift;8.2;2.65
Hannah Montana;6.5;2.65
Medal of Honor;7.3;2.64
NBA 2K12;9.1;2.64
NBA 2K13;8.9;2.63
FIFA Soccer 10;8.9;2.62
Madden NFL 18;8.2;2.62
LittleBigPlanet;8.8;2.61
Grand Theft Auto: Episodes from Liberty City;9.0;2.6
FIFA Soccer 09;8.6;2.59
WWE SmackDown vs. RAW 2007;8.0;2.58
Dragon Age: Origins;8.5;2.56
FIFA 16;9.0;2.55
Madden NFL 09;8.5;2.54
Crazy Taxi;8.2;2.52
Tomb Raider (2013);8.9;2.51
Midnight Club: Los Angeles;8.3;2.5
Marvel: Ultimate Alliance;8.3;2.5
Rockstar Games Double Pack: Grand Theft Auto III & Grand Theft Auto Vice City;9.8;2.49
Mortal Kombat: Deadly Alliance;8.2;2.49
Game Party;2.6;2.49
Saints Row: The Third;8.3;2.48
Madden NFL 16;8.4;2.47
Rock Band;9.1;2.47
Pure;8.3;2.47
LEGO Harry Potter: Years 1-4;7.9;2.45
Madden NFL 17;8.1;2.44
Twisted Metal 2;8.7;2.44
Tom Clancy's Rainbow Six: Vegas 2;8.2;2.42
Sonic Adventure;8.9;2.42
Need for Speed Carbon: Own the City;7.4;2.42
Halo: Combat Evolved Anniversary;8.0;2.41
Kinect: Disneyland Adventures;8.5;2.41
Pro Evolution Soccer 2011;6.0;2.41
NBA 2K16;8.3;2.41
ATV Offroad Fury;8.4;2.41
Midnight Club: Los Angeles;8.0;2.4
Madden NFL 11;8.4;2.4
Theme Hospital;5.5;2.4
Frogger's Adventures: Temple of the Frog;6.7;2.39
Dead Island;7.0;2.38
The Incredibles;5.9;2.37
Madden NFL 10;8.5;2.37
Madden NFL 08;8.7;2.37
Sonic's Ultimate Genesis Collection;8.1;2.36
LEGO Indiana Jones: The Original Adventures;7.8;2.35
Dragon Age: Inquisition;8.6;2.34
Kinect Sports: Season Two;6.6;2.33
Madden NFL 25;7.8;2.33
Grand Theft Auto;6.0;2.32
My Fitness Coach;7.1;2.32
Assassin's Creed IV: Black Flag;8.3;2.32
The Sims 3;8.0;2.31
LEGO Star Wars: The Complete Saga;8.0;2.31
Dead Island;6.7;2.29
Tomb Raider II;8.2;2.29
LEGO Harry Potter: Years 1-4;8.0;2.29
Pro Evolution Soccer 2010;7.0;2.28
Need for Speed Underground 2;8.0;2.28
Madden NFL 12;7.8;2.27
No Man's Sky;6.8;2.26
Guitar Hero III: Legends of Rock;8.2;2.25
Call of Duty 3;6.8;2.24
Prince of Persia: The Sands of Time;9.0;2.22
Star Wars: The Force Unleashed;6.8;2.22
Guitar Hero II;9.2;2.21
Rock Band 2;9.2;2.2
Need for Speed: Hot Pursuit;8.8;2.2
BioShock 2;8.6;2.2
High School Musical: Makin' the Cut!;7.3;2.2
FIFA 15;7.9;2.19
Pro Evolution Soccer 2012;7.5;2.19
Star Wars: Knights of the Old Republic;9.4;2.19
Final Fantasy XIII;8.1;2.19
Need for Speed: Payback;5.8;2.18
ATV Offroad Fury 2;8.7;2.18
Your Shape featuring Jenny McCarthy;6.0;2.16
Call of Duty: Roads to Victory;6.1;2.14
SimCity 2000;8.0;2.14
NBA 2K12;9.0;2.13
Borderlands;8.2;2.12
Mortal Kombat (2011);8.6;2.12
Tony Hawk's Pro Skater;9.3;2.11
Need for Speed: Hot Pursuit 2;8.7;2.11
PES 2009: Pro Evolution Soccer;7.7;2.11
NBA 2K11;8.8;2.11
Grand Theft Auto: Episodes from Liberty City;9.0;2.09
Need for Speed: Most Wanted 5-1-0;7.4;2.09
Metal Gear Solid: Peace Walker;8.6;2.08
Rock Band;8.2;2.08
Sim Theme Park;8.1;2.08
Portal 2;9.6;2.08
UFC 2009 Undisputed;8.4;2.07
The Sims 2: Pets;4.8;2.07
Call of Duty 2;8.8;2.06
R4: Ridge Racer Type 4;9.1;2.06
The Incredibles;5.4;2.06
Tom Clancy's Splinter Cell: Conviction;8.6;2.06
Need for Speed: Undercover;5.9;2.06
Dark Souls;9.0;2.05
Mortal Kombat vs DC Universe;7.6;2.05
Need for Speed: ProStreet;7.1;2.05
Dragon Quest XI: Echoes of an Elusive Age;9.5;2.04
PGR4 - Project Gotham Racing 4;8.6;2.04
Need for Speed: ProStreet;7.2;2.04
NBA 2K17;8.8;2.04
Dance Central 2;8.6;2.04
Madden NFL 25;7.5;2.04
Rayman Raving Rabbids: TV Party;7.1;2.03
The Sims 3;8.1;2.03
NBA 2K18;7.7;2.02
Rocket League;8.7;2.02
Just Dance 3;5.5;2.02
Need for Speed: The Run;6.3;2.01
TouchMaster;6.9;2.0
Dead Space;8.9;2.0
Tenchu: Stealth Assassins;8.8;1.99
Harry Potter and the Chamber of Secrets;7.2;1.99
Mortal Kombat vs DC Universe;7.6;1.99
Just Cause 3;7.5;1.98
Hot Shots Golf: Open Tee;8.4;1.96
Tom Clancy's Rainbow Six: Vegas;8.8;1.95
Grand Theft Auto: San Andreas;9.2;1.95
Burnout Paradise;9.0;1.95
Call of Duty: World at War;8.1;1.94
FIFA Soccer 09;8.7;1.94
X-Men Legends;8.6;1.93
The Legend of Zelda: Oracle of Ages;9.4;1.92
Guitar Hero: World Tour;8.5;1.92
Red Faction;9.1;1.92
Madden NFL 18;8.8;1.91
Need for Speed: Shift;8.2;1.91
Star Wars Rogue Leader: Rogue Squadron II;9.2;1.9
Tomb Raider (2013);8.5;1.9
Madden NFL 09;8.6;1.89
Minecraft;9.2;1.89
Mortal Kombat: Deception;7.4;1.88
FIFA 2000;8.8;1.87
inFAMOUS 2;8.1;1.87
SingStar;8.0;1.86
The Legend of Dragoon;7.8;1.86
Sonic Classic Collection;7.5;1.86
The Legend of Zelda: Oracle of Seasons;9.3;1.86
The Evil Within;7.7;1.86
Shrek 2;6.9;1.86
Star Wars: The Force Unleashed;6.8;1.86
Forza Horizon 4;9.2;1.84
Rayman Raving Rabbids 2;6.6;1.84
The Elder Scrolls V: Skyrim Special Edition;8.1;1.83
BioShock Infinite;9.5;1.82
The Orange Box;9.7;1.82
Crazy Taxi;9.3;1.81
LEGO Star Wars III: The Clone Wars;7.5;1.79
Far Cry 5;7.2;1.78
State of Emergency;8.0;1.76
UFC 2009 Undisputed;8.4;1.76
The SpongeBob SquarePants Movie;6.6;1.76
High School Musical: Sing It!;6.4;1.76
Just Cause 2;8.3;1.75
FIFA Soccer 08;8.5;1.75
Crash Bandicoot: The Huge Adventure;8.3;1.73
Twisted Metal III;4.4;1.73
SSX Tricky;9.2;1.73
Call of Duty: World at War Final Fronts;6.8;1.72
Rockstar Games Double Pack: Grand Theft Auto III & Grand Theft Auto Vice City;9.7;1.72
Titanfall 2;8.9;1.72
The Beatles: Rock Band;9.0;1.71
Portal 2;9.6;1.71
Call of Duty: Modern Warfare 3;8.0;1.71
Call of Duty Black Ops: Declassified;3.2;1.71
Cabela's Big Game Hunter 2010;5.5;1.7
NCAA Football 07;8.9;1.7
The Sims 3: Late Night Expansion Pack;7.5;1.69
Harry Potter and the Sorcerer's Stone;6.6;1.69
Dragon Ball Z: The Legacy of Goku;6.5;1.69
Need for Speed: Undercover;6.3;1.69
Star Wars Battlefront: Renegade Squadron;7.5;1.68
Time Crisis;8.5;1.68
Far Cry 4;8.5;1.68
Saints Row 2;7.9;1.68
Dragon Age: Origins;8.7;1.67
SpongeBob SquarePants: Battle for Bikini Bottom;5.8;1.67
NCAA Football 2004;8.1;1.67
PGR: Project Gotham Racing 2;8.9;1.67
Shaun White Snowboarding: Road Trip;7.8;1.66
Need for Speed Carbon;7.9;1.65
MySims;7.1;1.65
Army of Two;6.7;1.64
Ape Escape;9.3;1.63
Uncharted: Golden Abyss;7.9;1.62
The Order: 1886;6.2;1.62
Call of Duty: Black Ops;8.5;1.62
Rock Band;9.1;1.62
Kinectimals;7.5;1.62
Tom Clancy's Ghost Recon Wildlands;7.7;1.61
Rage;7.9;1.6
Just Cause 2;8.0;1.6
Pro Evolution Soccer 2008;7.1;1.59
Soul Blade;8.6;1.59
LEGO Harry Potter: Years 1-4;7.9;1.59
Far Cry 2;8.5;1.59
Sonic Generations;7.3;1.59
FIFA 16;9.0;1.59
Devil May Cry 4;8.2;1.58
LEGO Pirates of the Caribbean: The Video Game;7.5;1.57
Pro Evolution Soccer 2010;7.2;1.57
Twisted Metal;7.0;1.56
Mortal Kombat;8.4;1.56
Mafia II;7.2;1.56
"007: The World is Not Enough";7.4;1.55
Guitar Hero 5;8.9;1.55
BioShock 2;8.5;1.55
Need for Speed: Most Wanted (2012);8.5;1.54
Die Hard Trilogy;8.5;1.54
Dark Cloud;8.2;1.54
Go Vacation;7.0;1.54
Fight Night Round 4;8.6;1.52
Sonic Rivals 2;6.4;1.52
Forza Motorsport 7;8.9;1.52
Dead Space 2;9.1;1.52
Call of Duty 3;7.7;1.51
Call of Duty: Modern Warfare: Reflex Edition;7.2;1.51
Star Wars: The Force Unleashed II;6.3;1.51
Rock Band 2;8.9;1.5
Football Manager 2012;8.5;1.5
WWF No Mercy;9.1;1.5
SoulCalibur II;9.2;1.5
Red Faction II;8.6;1.5
NFL Blitz;9.1;1.5
Metal Gear Rising: Revengeance;9.0;1.5
Dead Rising 2;8.2;1.49
Mafia II;7.0;1.49
LEGO Battles: Ninjago;5.0;1.48
LEGO Star Wars III: The Clone Wars;7.9;1.48
Disney Sing It: Pop Hits;6.8;1.48
"007: Quantum of Solace";6.6;1.48
Tom Clancy's Splinter Cell: Pandora Tomorrow;9.2;1.48
Sonic's Ultimate Genesis Collection;8.1;1.48
Fight Night Round 3;8.6;1.47
Minecraft;5.5;1.47
Super Scribblenauts;7.9;1.47
Battlefield: Bad Company;8.6;1.46
Mass Effect 3;8.9;1.46
Mass Effect 2;9.3;1.46
Homefront;6.7;1.46
Super Monkey Ball;9.0;1.46
The House of the Dead 2 & 3 Return;6.5;1.45
Sonic & SEGA All-Stars Racing;7.9;1.45
Sega Genesis Collection;8.3;1.45
Sonic Rivals;7.0;1.44
Star Wars: The Force Unleashed II;6.3;1.44
BioShock;9.3;1.44
Kinect Joy Ride;5.6;1.43
Dead Space 2;9.0;1.43
WWE SmackDown vs Raw 2008;7.3;1.43
Smarty Pants;6.5;1.43
UFC Undisputed 2010;8.4;1.42
Rayman Raving Rabbids;7.5;1.42
LEGO Star Wars II: The Original Trilogy;8.4;1.41
LEGO Indiana Jones 2: The Adventure Continues;7.5;1.41
LEGO Star Wars: The Video Game;7.9;1.41
Twisted Metal: Black;8.9;1.41
"2Xtreme";8.3;1.4
Spider-Man: The Movie;7.7;1.4
Anno 2070;8.7;1.4
Fight Night Round 4;8.7;1.4
Dead Space;8.9;1.4
Sonic Generations;7.7;1.39
Bakugan: Battle Brawlers;6.4;1.38
Rocket League;8.0;1.38
The Sims 2;6.2;1.38
Deus Ex: Human Revolution;8.8;1.38
Far Cry 2;8.4;1.38
Deus Ex: Human Revolution;8.8;1.38
Dead Rising 2;8.1;1.37
LEGO Harry Potter: Years 1-4;7.9;1.37
Call of Duty: Black Ops;7.5;1.37
Crysis 2;8.7;1.37
Need for Speed: The Run;5.5;1.37
A Collection of Activision Classic Games for the Atari 2600;3.8;1.37
Metroid: Other M;7.7;1.36
Crash Bandicoot 2: N-Tranced;7.5;1.36
GoldenEye 007;8.0;1.36
Marvel vs. Capcom 3: Fate of Two Worlds;8.2;1.36
Wolfenstein II: The New Colossus;9.0;1.36
Hasbro Family Game Night 2;6.4;1.36
Gardening Mama;6.6;1.36
FIFA Soccer 08;7.9;1.35
FIFA Soccer 09;8.1;1.35
Burnout Paradise;8.9;1.35
Battlefield: Bad Company;8.6;1.34
F1 2010;8.4;1.34
Max Payne 2: The Fall of Max Payne;6.8;1.34
Donkey Kong Jungle Beat;7.9;1.34
The ICO & Shadow of the Colossus Collection;9.0;1.34
Need for Speed Carbon;7.7;1.34
Command & Conquer: Red Alert 2;8.9;1.34
Tom Clancy's Rainbow Six: Vegas 2;8.2;1.34
Devil May Cry 4;8.5;1.34
WWE SmackDown vs Raw 2008;7.3;1.33
Alan Wake;8.3;1.33
Crysis 2;8.8;1.33
Grand Theft Auto: Chinatown Wars;9.5;1.33
Spider-Man: The Movie;7.9;1.33
Tony Hawk's Pro Skater;7.1;1.33
Fallout 76;5.1;1.32
Rage;7.9;1.32
MAG: Massive Action Game;7.4;1.32
UFC Undisputed 2010;8.6;1.32
Need for Speed Underground Rivals;7.6;1.32
Madagascar;6.4;1.31
The Beatles: Rock Band;8.9;1.31
[Prototype];7.9;1.31
LEGO Batman: The Videogame;7.2;1.31
Burnout 3: Takedown;9.3;1.31
LEGO Batman: The Videogame;7.9;1.3
NBA Live 07;6.3;1.3
Transformers;7.8;1.29
The Last Guardian;7.9;1.29
Champions of Norrath;8.5;1.28
Manhunt;8.0;1.28
Twisted Metal 4;6.7;1.28
Need for Speed Carbon;6.4;1.28
.hack//Infection Part 1;7.7;1.27
LEGO Batman: The Videogame;7.6;1.27
NBA 2K9;8.3;1.27
EA Sports Active 2;8.0;1.27
WWE '12;7.5;1.27
Castlevania: Symphony of the Night;9.3;1.27
The Sims 2: Nightlife;7.5;1.27
SOCOM: U.S. Navy SEALs Confrontation;6.3;1.26
Rockstar Games presents Table Tennis;6.8;1.26
Assassin's Creed: Bloodlines;6.3;1.26
Football Manager 2011;8.9;1.26
Tomb Raider: Underworld;7.8;1.26
RollerCoaster Tycoon 2;7.3;1.25
Cars 2;6.5;1.25
Black;7.7;1.25
Need for Speed: Most Wanted;8.4;1.25
Ratatouille;7.0;1.25
Need for Speed Carbon;7.8;1.24
Oddworld: Abe's Oddysee;8.3;1.24
[Prototype];8.1;1.24
"2010 FIFA World Cup South Africa";8.2;1.23
Frogger: The Great Quest;3.0;1.23
Donkey Kong Country 2;7.6;1.23
Star Wars Battlefront II;6.9;1.22
NBA Live 99;8.3;1.22
Intelligent Qube;7.4;1.22
Max Payne;8.6;1.22
Cars;7.4;1.21
FIFA 07 Soccer;8.0;1.21
Bayonetta;8.6;1.21
FIFA Soccer 11;7.0;1.21
NFL 2K;9.7;1.2
F1 2011;8.4;1.2
ATV Offroad Fury 3;7.5;1.2
Metal Gear Solid V: Ground Zeroes;7.6;1.2
WWE 2K14;7.6;1.2
Shadow of the Colossus;9.3;1.2
World Soccer Winning Eleven 9 (JP & Others sales);8.0;1.2
Mario & Sonic at the London 2012 Olympic Games;6.5;1.19
WWE SmackDown vs Raw 2008;7.3;1.19
Spider-Man: The Movie;7.6;1.19
Metal Gear Solid: Portable Ops;8.7;1.19
LEGO Star Wars III: The Clone Wars;8.0;1.18
WWE '12;9.0;1.18
Metal Gear Solid VR Missions;6.8;1.18
Tony Hawk's Pro Skater 2;8.9;1.18
Red Dead Redemption: Undead Nightmare;10.0;1.18
LEGO Indiana Jones: The Original Adventures;7.6;1.18
WWE SmackDown vs. Raw 2010;8.1;1.17
Ty the Tasmanian Tiger;6.2;1.17
Mission: Impossible;6.6;1.17
Army of Two;7.4;1.17
Medal of Honor Heroes 2;6.6;1.16
Sniper: Ghost Warrior;4.3;1.16
FIFA Soccer 10;7.9;1.16
Spore;7.0;1.16
Bushido Blade;8.2;1.16
EA Sports Active: More Workouts;7.9;1.16
Mirror's Edge;7.6;1.16
Sunset Overdrive;8.0;1.16
LEGO Star Wars: The Video Game;8.0;1.16
The Elder Scrolls V: Skyrim;8.6;1.15
Dragon Quest VIII: Journey of the Cursed King;8.8;1.15
Call of Duty 4: Modern Warfare;9.3;1.15
Hot Shots Golf: Out of Bounds;8.3;1.14
The Lord of the Rings: The Return of the King;8.8;1.14
South Park;6.0;1.14
Brave Fencer Musashi;8.4;1.14
Shadow of the Colossus;9.1;1.14
Action Bass;5.1;1.14
LEGO Star Wars III: The Clone Wars;6.7;1.14
Mortal Kombat;8.3;1.14
LEGO Star Wars: The Video Game;7.4;1.14
"007: Quantum of Solace";6.6;1.14
NCAA Football 14;7.6;1.13
Rocksmith;8.0;1.13
Rabbids Go Home;8.0;1.13
Fight Night Champion;8.4;1.13
Guitar Hero 5;9.0;1.13
Rocksmith;8.0;1.13
ModNation Racers;8.1;1.13
Plants vs Zombies: Garden Warfare;8.0;1.13
Cars;4.5;1.13
Mirror's Edge;7.7;1.13
Spider-Man 2;7.7;1.12
Crackdown 2;7.5;1.12
WWE 2K14;7.6;1.12
Need for Speed: Most Wanted (2012);7.4;1.12
Dragon Age II;8.0;1.12
The Beatles: Rock Band;8.7;1.12
SOCOM: U.S. Navy SEALs Fireteam Bravo;7.9;1.12
Mafia III;6.8;1.11
NCAA Football 13;7.5;1.11
Crash Bandicoot N. Sane Trilogy;6.0;1.11
Castlevania: Lords of Shadow;8.1;1.11
Tom Clancy's Splinter Cell: Chaos Theory;9.4;1.11
Red Dead Redemption: Undead Nightmare;10.0;1.11
Plants vs. Zombies;8.1;1.11
Rock Band;8.1;1.11
FIFA 18;5.8;1.1
LEGO Star Wars III: The Clone Wars;6.3;1.1
Guitar Hero 5;8.8;1.1
GRID;8.6;1.1
Sonic Free Riders;4.9;1.1
Bully: Scholarship Edition;8.1;1.09
DJ Hero;8.4;1.09
Namco Museum Battle Collection;7.9;1.09
Lightning Returns: Final Fantasy XIII;7.1;1.09
Toy Story 3: The Video Game;7.5;1.09
Skate 2;8.2;1.09
NFL 2K1;9.6;1.09
Dragon Ball Z: The Legacy of Goku II;7.6;1.09
Untold Legends: Brotherhood of the Blade;6.5;1.09
Star Wars: The Force Unleashed;7.1;1.09
The Simpsons Game;6.0;1.08
Dante's Inferno;7.3;1.08
Disney's Lilo & Stitch;8.0;1.08
Ready 2 Rumble Boxing;7.6;1.08
FIFA Soccer 11;7.0;1.08
Star Fox: Assault;6.6;1.08
Virtua Fighter 5;8.7;1.08
Pro Evolution Soccer 2014;8.3;1.08
Grand Theft Auto: Chinatown Wars;9.2;1.08
Dragon Ball Z: Taiketsu;3.8;1.08
Spore Creatures;7.2;1.07
Tomb Raider: Underworld;7.5;1.07
Call of Duty 3;8.2;1.07
World Tour Soccer;7.0;1.07
Naruto: Ultimate Ninja Storm;7.8;1.07
Virtua Fighter;9.0;1.07
Marvel vs. Capcom 3: Fate of Two Worlds;8.4;1.07
The Biggest Loser;7.7;1.07
Tiger Woods PGA Tour 10;9.0;1.07
The Orange Box;8.7;1.07
LEGO Star Wars II: The Original Trilogy;4.9;1.07
Prince of Persia;8.3;1.07
Endless Ocean;6.8;1.06
Mercenaries 2: World in Flames;7.1;1.06
Warhawk;8.4;1.06
Sonic Generations;6.3;1.06
Mortal Kombat: Armageddon;7.4;1.06
Aliens vs Predator;6.0;1.06
Spider-Man 2;7.0;1.06
Sega Superstars Tennis;7.0;1.06
Seek and Destroy;5.6;1.06
Darksiders;7.8;1.06
DiRT 3;9.0;1.06
Forza Motorsport;9.2;1.05
Rocksmith 2014;9.1;1.05
DiRT;8.3;1.05
Dave Mirra Freestyle BMX;7.4;1.05
Sonic & SEGA All-Stars Racing;8.3;1.05
MySims Agents;7.5;1.05
Resident Evil: The Darkside Chronicles;7.2;1.05
SOCOM: U.S. Navy SEALs Fireteam Bravo 2;8.2;1.05
Call of Duty 4: Modern Warfare;7.3;1.05
Brink;6.8;1.04
Aliens vs Predator;6.1;1.04
Sleeping Dogs;8.1;1.04
Legacy of Kain: Soul Reaver;8.9;1.04
Need for Speed: Most Wanted;8.5;1.04
WipEout Pure;9.1;1.04
The Simpsons Game;6.9;1.04
Bomberman 64;6.1;1.04
MotorStorm: Arctic Edge;7.7;1.04
Naruto: Clash of Ninja 2;7.4;1.04
LEGO Pirates of the Caribbean: The Video Game;7.2;1.04
WWE SmackDown vs. Raw 2010;8.2;1.04
Just Dance 2014;7.6;1.03
Sonic Unleashed;5.3;1.03
The Elder Scrolls III: Morrowind Game of the Year Edition;8.3;1.03
Tomb Raider;8.7;1.03
Dragon Ball Z: Budokai Tenkaichi 3;7.5;1.03
LEGO Indiana Jones: The Original Adventures;7.7;1.03
Shrek 2;6.9;1.02
Bulletstorm;8.5;1.02
Tiger Woods PGA Tour 08;7.4;1.02
Madden NFL 07;8.4;1.02
Rock Band 2;9.0;1.02
Just Cause 3;7.0;1.01
Madden NFL 16;8.0;1.01
F1 2012;7.9;1.01
Prince of Persia;8.2;1.01
NBA 2K10;8.4;1.01
EyePet;6.9;1.01
Excitebike 64;8.9;1.0
Far Cry: Primal;7.8;1.0
Rayman Origins;8.5;1.0
Breath of Fire III;7.6;1.0
Tom Clancy's Splinter Cell: Blacklist;8.4;1.0
NERF N-Strike Elite;7.5;1.0
NCAA Football 12;7.8;1.0
